id,timestamp,symbol,price,action,reject
1,2026-10-01T10:00:00+03:00,SOL/USDT,100,buy,buy
2,2026-10-01T10:01:00+03:00,SOL/USDT,100,buy,
3,2026-10-01T10:02:00+03:00,SOL/USDT,102,hold,
4,2026-10-01T10:03:00+03:00,SOL/USDT,103,sell,sell
5,2026-10-01T10:04:00+03:00,SOL/USDT,103,sell,
6,2026-10-01T10:05:00+03:00,ETH/USDT,100,buy,
7,2026-10-01T10:06:00+03:00,ETH/USDT,80,hold,sell
8,2026-10-01T10:07:00+03:00,BTC/USDT,100,buy,
9,2026-10-01T10:08:00+03:00,ETH/USDT,80,hold,
10,2026-10-01T10:09:00+03:00,SOL/USDT,100,buy,
11,2026-10-02T10:00:00+03:00,SOL/USDT,100,buy,
12,2026-10-02T10:01:00+03:00,SOL/USDT,112,hold,
